mae,accuracy,f1,f1_custom
0.4710087616595314,0.5294117647058824,0.4488348530901722,124.2102279663086
0.4509332057899455,0.5477941176470589,0.45346728742955156,120.69486999511719
0.46626166714628897,0.5257352941176471,0.507017913593256,134.98919677734375
0.45984801609874054,0.5367647058823529,0.5205640423031728,135.23898315429688
0.45663695903198065,0.5404411764705882,0.5088337691229794,133.01174926757812
0.4609377219452974,0.5360294117647059,0.4877435731078264,129.6290054321289
0.4710087616595314,0.5477941176470589,0.5205640423031728,135.23898315429688
0.007898490320942957,0.00877745322523039,0.03384609290826431,6.7236222080764865
