mae,accuracy,f1,mse
0.4185884970532367,0.4970414201183432,0.38235360494630477,0.20636994804966738
0.4185884970532367,0.4970414201183432,0.38235360494630477,0.20636994804966738
0.4185884970532367,0.4970414201183432,0.38235360494630477,0.20636994804966738
,,,
