mae,accuracy,f1,mse
0.47112353172527965,0.5443786982248521,0.3524904214559387,0.3213659563679243
0.47112353172527965,0.5443786982248521,0.3524904214559387,0.3213659563679243
0.47112353172527965,0.5443786982248521,0.3524904214559387,0.3213659563679243
,,,
