mae,accuracy,f1,mse
0.47886056871809196,0.5443786982248521,0.3640095791994526,0.28300570990700885
0.47886056871809196,0.5443786982248521,0.3640095791994526,0.28300570990700885
0.47886056871809196,0.5443786982248521,0.3640095791994526,0.28300570990700885
,,,
