mae,accuracy,f1,mse
0.46888397784727565,0.5414201183431953,0.5214782203629788,0.4139525671176135
0.4330482597660768,0.5710059171597633,0.49517423235787933,0.40217041453071933
0.46176573445761543,0.5414201183431953,0.5405151772950123,0.41869919013511575
0.4545659906903226,0.5512820512820512,0.5190558766719567,0.41160739059448287
0.46888397784727565,0.5710059171597633,0.5405151772950123,0.41869919013511575
0.01897173964966824,0.017081368910935698,0.022767326010449854,0.008510287623729584
