,MAE,RMSE
NYA,0.09058065135958887,0.10854896559656735
S&P,0.2502914625450724,0.28161934878705164
NASDAQ,0.4971721631829207,0.562784956066278
RUT,0.18465580464260303,0.21289239354661316
DJI,0.3791730658761541,0.44960575576656153
