stock,MAE,RMSE
NYA,0.03702789780834487,0.04620155230493886
S&P,0.11398677220718768,0.12311319167005734
NASDAQ,0.2291788751060147,0.24732274161364798
RUT,0.1689384269409176,0.1873704241031109
DJI,0.1927886241546517,0.23002267458855938
