,MAE,RMSE
NYA,0.1412385663026404,0.1671471486573542
S&P,0.22131788429410218,0.2622748271512508
NASDAQ,0.5184083119076076,0.6161822989010587
RUT,0.2984950269962508,0.33503093152024876
DJI,0.4497090675824436,0.5207682643629034
