,MAE,RMSE
NYA,0.09199470504833591,0.10542860034371913
S&P,0.0835971158171997,0.09779023919953574
NASDAQ,0.27933012085643405,0.3255659308371589
RUT,0.1345376419372588,0.152955997187341
DJI,0.14663205549386854,0.18318696763790177
