,MAE,RMSE
NYA,0.07730350185615345,0.09177121713050927
S&P,0.20008361125419227,0.22503494808735944
NASDAQ,0.4116534441621062,0.47146802258743775
RUT,0.15054325802755775,0.1728375223093826
DJI,0.30103533463759885,0.3602785305190081
