,MAE,RMSE
NYA,0.0946401101162783,0.11612792780643201
S&P,0.37793202338859383,0.4146109322808118
NASDAQ,0.4709722450627127,0.5280431349275017
RUT,0.25679964753436757,0.2915033760789925
DJI,0.516478319469874,0.6027972037284535
