stock,MAE,RMSE
NYA,0.6561987534408619,0.7957060579080769
S&P,0.707303798969734,0.8278168330013139
NASDAQ,1.2446866098572233,1.4130544111649628
RUT,0.9749238409978565,1.1059578778476122
DJI,0.9244140115077003,1.143155083625746
