,MAE,RMSE
NYA,0.008993694618705932,0.012122669963099813
S&P,0.009620543491938832,0.012467043060153187
NASDAQ,0.017532106503832804,0.02122719825851756
RUT,0.01481654259754792,0.018761938946607694
DJI,0.013549369720406736,0.017024383916390003
