,MAE,RMSE
NYA,0.043425409031826935,0.054120916481604046
S&P,0.09732916234138193,0.11211993300207462
NASDAQ,0.20195080744983088,0.23463359778868823
RUT,0.08190636021856262,0.09739166668597204
DJI,0.1516470851173945,0.18240740042124456
