,MAE,RMSE
NYA,0.044085947971314945,0.05473099629510925
S&P,0.09259717267368765,0.10544728668209657
NASDAQ,0.17315626930993064,0.19764637512724578
RUT,0.08090879902127114,0.0960842280007824
DJI,0.1343796220424329,0.15766516250575913
