stock,MAE,RMSE
NYA,0.7953895059782785,0.9533914652400464
S&P,0.6804943932953891,0.7867271050617541
NASDAQ,1.2847741360717573,1.446421147907361
RUT,0.854918755075613,0.9745072524493678
DJI,0.7967080525600171,0.989982621373891
