stock,MAE,RMSE
NYA,0.5398814815371152,0.6630605012528046
S&P,0.7468602744128243,0.8478586166569236
NASDAQ,1.1712345872882903,1.3173915340313829
RUT,1.062387858097329,1.1989866367768507
DJI,0.8729399786387015,1.071229567553158
