mae,accuracy,f1,f1_custom
0.4553510344360749,0.5441176470588235,0.454980285695818,123.96560668945312
0.4524154162600633,0.5661764705882353,0.4697330161247687,121.61988067626953
0.438112295874819,0.5698529411764706,0.5500954265922104,135.152099609375
0.45432243584882565,0.5514705882352942,0.5370535714285715,135.72677612304688
0.45212164897166635,0.5625,0.534239873372185,134.11935424804688
0.4504645662782898,0.5588235294117647,0.5092204346427107,130.1167434692383
0.4553510344360749,0.5698529411764706,0.5500954265922104,135.72677612304688
0.007033687715289345,0.010718661571406803,0.04351054689251285,6.7616812237713555
