mae,accuracy,f1,f1_custom
0.5897794840692063,0.4556213017751479,0.45407303370786517,168.62022399902344
0.48247504216679454,0.5384615384615384,0.5125,165.97500610351562
0.7930576770549872,0.5177514792899408,0.4521008403361344,157.42184448242188
0.5993694538063199,0.5088757396449705,0.504976002258611,168.97613525390625
0.49708551798875517,0.5266272189349113,0.41433831492311024,145.21481323242188
0.5923534350172126,0.5094674556213018,0.46759763824514416,161.24160461425782
0.7930576770549872,0.5384615384615384,0.5125,168.97613525390625
0.12398314375896156,0.03202927479934759,0.04084417149830128,10.10099855659159
