mae,accuracy,f1,mse
0.5049927804772901,0.4881656804733728,0.46590794917932465,0.41839129919359086
0.485755220979755,0.514792899408284,0.5146399551695153,0.43214019418266236
0.5002731556631235,0.4970414201183432,0.48915362731152207,0.44764367319357135
0.49700705237338955,0.5,0.489900510553454,0.4327250555232749
0.5049927804772901,0.514792899408284,0.5146399551695153,0.44764367319357135
0.010026040937464262,0.013557916257265783,0.024374586722441142,0.014634954501107644
