mae,accuracy,f1,mse
0.4681657981237716,0.5502958579881657,0.35496183206106874,0.3165493822636984
0.4681657981237716,0.5502958579881657,0.35496183206106874,0.3165493822636984
0.4681657981237716,0.5502958579881657,0.35496183206106874,0.3165493822636984
,,,
