mae,accuracy,f1,mse
0.4809324447748929,0.5502958579881657,0.3608996367617057,0.28350415279809
0.4809324447748929,0.5502958579881657,0.3608996367617057,0.28350415279809
0.4809324447748929,0.5502958579881657,0.3608996367617057,0.28350415279809
,,,
