mae,accuracy,f1,mse
0.42045345297726183,0.4556213017751479,0.3579755014133799,0.20844898942989465
0.42045345297726183,0.4556213017751479,0.3579755014133799,0.20844898942989465
0.42045345297726183,0.4556213017751479,0.3579755014133799,0.20844898942989465
,,,
