mae,accuracy,f1,f1_custom
0.4744634902443014,0.5294117647058824,0.4451456620131319,122.81353759765625
0.4540718880459334,0.5551470588235294,0.47004170490958574,121.63200378417969
0.4444016826066175,0.5661764705882353,0.5483762030731132,134.70635986328125
0.46136585969157445,0.5441176470588235,0.5329825533093326,135.6309051513672
0.4877410769782282,0.5147058823529411,0.4898840645601273,134.0213623046875
0.46440879951333097,0.5419117647058823,0.49728603757305817,129.76083374023438
0.4877410769782282,0.5661764705882353,0.5483762030731132,135.6309051513672
0.017043238584237456,0.020403583713987674,0.04301193984472617,6.917565879722284
