mae,accuracy,f1,mse
0.7447974534385656,0.46449704142011833,0.3218945011582926,0.8199467175388283
0.7447974534385656,0.46449704142011833,0.3218945011582926,0.8199467175388283
0.7447974534385656,0.46449704142011833,0.3218945011582926,0.8199467175388283
,,,
