mae,accuracy,f1,mse
0.48169440939228914,0.5355029585798816,0.348747591522158,0.2864016787593732
0.48169440939228914,0.5355029585798816,0.348747591522158,0.2864016787593732
0.48169440939228914,0.5355029585798816,0.348747591522158,0.2864016787593732
,,,
