mae,accuracy,f1,mse
0.4918695832161637,0.5059171597633136,0.4831094383853924,0.43679996885902633
0.43607316283377456,0.5680473372781065,0.49572859186593093,0.4038373018871029
0.4750272233302825,0.5325443786982249,0.5317410213243546,0.43256744048999407
0.46765665646007365,0.5355029585798817,0.503526350525226,0.424401570412041
0.4918695832161637,0.5680473372781065,0.5317410213243546,0.43679996885902633
0.028619120773763097,0.031170573233292115,0.025236114892525537,0.0179344759910344
