mae,accuracy,f1,mse
0.4202450266368761,0.46745562130177515,0.3666775972579622,0.20911304009504791
0.4202450266368761,0.46745562130177515,0.3666775972579622,0.20911304009504791
0.4202450266368761,0.46745562130177515,0.3666775972579622,0.20911304009504791
,,,
