mae,accuracy,f1,f1_custom
0.46593689002890964,0.5367647058823529,0.424812030075188,126.05746459960938
0.4310295453456895,0.5772058823529411,0.4593380001728459,123.47309875488281
0.445433013408856,0.5514705882352942,0.523410122364566,135.71873474121094
0.4646375717801347,0.5367647058823529,0.516260162601626,135.9923095703125
0.4659433026947982,0.5404411764705882,0.49810312504613025,134.74525451660156
0.4545960646516776,0.5485294117647059,0.48438468805207124,131.19737243652344
0.4659433026947982,0.5772058823529411,0.523410122364566,135.9923095703125
0.015791994309879407,0.01712619808654722,0.041543543622168805,5.960383019199236
