mae,accuracy,f1,mse
0.46270605031202533,0.5946745562130178,0.38614701398555046,0.26379085401789915
0.46270605031202533,0.5946745562130178,0.38614701398555046,0.26379085401789915
0.46270605031202533,0.5946745562130178,0.38614701398555046,0.26379085401789915
,,,
