mae,accuracy,f1,mse
0.4411499472059442,0.5946745562130178,0.37291280148423006,0.29043356405032744
0.4411499472059442,0.5946745562130178,0.37291280148423006,0.29043356405032744
0.4411499472059442,0.5946745562130178,0.37291280148423006,0.29043356405032744
,,,
