mae,accuracy,f1,mse
0.4191983011523647,0.47337278106508873,0.37461184232319167,0.20653447082540177
0.4191983011523647,0.47337278106508873,0.37461184232319167,0.20653447082540177
0.4191983011523647,0.47337278106508873,0.37461184232319167,0.20653447082540177
,,,
