mae,accuracy,f1,mse
0.46253642595289296,0.5355029585798816,0.5008982064087732,0.41133712954695983
0.40372829887750644,0.5976331360946746,0.5084056979082003,0.37053314848978613
0.4854288733713187,0.5177514792899408,0.5136604786243302,0.44133236142316107
0.450564532733906,0.5502958579881656,0.5076547943137679,0.4077342131533023
0.4854288733713187,0.5976331360946746,0.5136604786243302,0.44133236142316107
0.042145469965227104,0.04194510910875101,0.006414186634491758,0.03553685260263077
