mae,accuracy,f1,mse
0.8130962051252818,0.40236686390532544,0.2869198312236287,0.9262225627977169
0.8130962051252818,0.40236686390532544,0.2869198312236287,0.9262225627977169
0.8130962051252818,0.40236686390532544,0.2869198312236287,0.9262225627977169
,,,
