mae,accuracy,f1,f1_custom
0.4259354687562657,0.5772058823529411,0.48901413052356446,123.50306701660156
0.44318663496703853,0.5625,0.467272338254415,122.72882080078125
0.4272792077254744,0.5735294117647058,0.5546522131887985,135.3780517578125
0.43394340658649483,0.5661764705882353,0.5534034619023765,135.87889099121094
0.44118872879642207,0.5772058823529411,0.5481270675931411,134.11195373535156
0.43430668936633915,0.5713235294117647,0.5224938422924591,130.32015686035157
0.44318663496703853,0.5772058823529411,0.5546522131887985,135.87889099121094
0.007839175780685386,0.006678640486979737,0.04128236079369684,6.613634526107676
