mae,accuracy,f1,mse
0.75221435136035,0.45857988165680474,0.3190510265866681,0.8341676335420566
0.75221435136035,0.45857988165680474,0.3190510265866681,0.8341676335420566
0.75221435136035,0.45857988165680474,0.3190510265866681,0.8341676335420566
,,,
