mae,accuracy,f1,mse
0.4163370724157586,0.5177514792899408,0.37365883047323295,0.20423220303520354
0.4163370724157586,0.5177514792899408,0.37365883047323295,0.20423220303520354
0.4163370724157586,0.5177514792899408,0.37365883047323295,0.20423220303520354
,,,
