mae,accuracy,f1,mse
0.4764206022376845,0.5443786982248521,0.3583333333333333,0.2780880885941942
0.4764206022376845,0.5443786982248521,0.3583333333333333,0.2780880885941942
0.4764206022376845,0.5443786982248521,0.3583333333333333,0.2780880885941942
,,,
