mae,accuracy,f1,mse
0.4733207214239799,0.5236686390532544,0.49900109557259786,0.41637319850439874
0.4692403151870346,0.5355029585798816,0.4619089627759357,0.4386277892351461
0.48583871568110343,0.5236686390532544,0.5233306763136918,0.4455014090800157
0.4761332507640393,0.5276134122287969,0.4947469115540751,0.43350079893985355
0.48583871568110343,0.5355029585798816,0.5233306763136918,0.4455014090800157
0.008649246539837879,0.0068325475643742405,0.030931056961024363,0.01522588864238764
