mae,accuracy,f1,mse
0.4695841998038207,0.5443786982248521,0.3524904214559387,0.3189599854523842
0.4695841998038207,0.5443786982248521,0.3524904214559387,0.3189599854523842
0.4695841998038207,0.5443786982248521,0.3524904214559387,0.3189599854523842
,,,
